obs_75,obs_125,obs_175,obs_225,obs_275
3.7001310442526973,3.441314176941747,5.918347480701608,1.028115935948734,3.0453566941968084
4.350127157677722,3.1021455771157704,8.09899927327348,3.2634666756837727,2.100739247557005
3.3002940390199016,2.8339512838360434,2.9863756758431075,4.9643517686026115,1.9196119171844874
2.950194951035619,2.457726287815317,4.11970891574459,0.9957927175482856,0.7183858022721384
2.9402261772666995,8.146479153866968,4.174373103316015,6.6414453113122525,3.0002245077378427
3.522010959364446,3.781087828905714,3.472116390659733,3.347517467503579,3.732452710381844
7.146853819919344,3.9346919271155145,1.147598379715024,3.029198419847561,0.7279328369222665
3.233121493961186,5.31712058460354,3.4983572652757897,3.1394304112220275,6.680239296742165
4.583568537137766,4.513008048529793,3.168759059022236,8.80369908652403,4.16095446034504
3.030424394906962,3.387649229070503,4.708378008052849,3.828603114446067,3.3334043506594813
4.236157817689363,6.766945726497778,5.543414805560326,4.497571850180159,5.728339868764418
2.9123962505962226,3.6155531300534287,4.88346160762585,4.0717972252979955,1.223630778776979
4.086292092291279,5.0450199745827256,3.7195398874490824,4.378411260074088,3.8984976884748437
3.026405584232542,5.467367513639711,2.6000787375741314,2.4574290943859887,3.071476780975933
4.784838756811378,6.94724447172377,2.235630316070696,3.5799997632263456,1.0269274941475963
3.9568939483978216,2.8699335933872034,2.340178357213039,2.8359961735693164,1.2057771547676692
4.054140059003976,3.6697438888126896,4.804131581175014,2.506855391655085,1.3941859238002767
2.6776632554051227,5.765099388550273,2.9169391371981237,6.030358344590513,4.9852974383517035
2.8308145823279025,3.7994089355238376,3.387733200670952,6.087122529474275,0.9755123803511984
3.801266294817998,2.8893492237368874,1.08121992512336,3.0079317147632847,4.035069925144543
3.6485278381079125,7.348551859558218,3.757912334244673,0.9770699315508297,4.074696529134905
3.7519581955938173,5.350619263505044,3.307377133187055,2.4713983358762253,1.9804627458762585
2.727213111501796,5.031545934488543,3.486244463680322,2.424823560574361,3.4839235738262317
10.245462759814766,5.076453638146757,4.792366554966966,1.9318590303850494,0.6435788196898632
5.567663883820814,2.6456806344270936,2.4990785102893573,0.7902971523372713,2.6883095547812745
3.3080753593976615,3.545979652287654,2.130838596242052,3.4852161753813267,1.0189191353055473
3.7878531426312603,1.0437990517585587,0.6455294402767606,3.2636387203430757,4.854534791418202
3.285483134815335,4.892216571840669,1.342316753799976,2.586974622734129,0.9662663905273626
4.1098921358497735,3.1934305488682524,3.0255618339934354,0.639076205843121,0.7758283186545624
5.364794584425784,3.050510975876108,2.107845171296454,4.586547999845586,2.6894727332182367
4.89811994093262,5.2999091790620545,4.214089155646727,1.6716623425534451,0.7378423129211472
4.677430671949618,4.101501543073832,4.261972207519447,6.264477031279006,5.267704152661997
7.227054956794328,3.8334139500450513,0.622735302560475,2.8420932636666527,1.5333261166958367
3.38073125837713,3.980677731165826,3.1919187211058744,2.434144300513948,1.6849830366284293
5.123826132128166,5.397100782142234,3.510714494388503,0.7108339984336336,3.978937496955789
4.262991979732326,3.0873358021818826,4.072484964549764,3.202984354999635,3.1452298281921394
3.7799786214287736,0.8199927022571927,2.4049813140435856,4.550267834705449,1.425600296251069
2.6915603527721044,4.282181387327604,5.073547273089722,1.5094339079001244,2.275629884337815
4.496920958526089,3.866937353619286,3.779234883699845,8.983699131587587,1.8039945050790755
3.354061861363404,2.9545111761913216,5.903688221949587,3.0967398584529984,26.566898040975428
2.1651661674208715,3.78783801060765,2.925260917563529,2.59003949373911,5.385459471223025
3.5757613750243014,2.6943544759385203,4.18934754247317,1.3272012651668672,3.568770184445193
5.107584554471921,0.673832194213103,2.63010057725289,4.079211178570235,1.0076160010641342
7.502569733935629,4.643204090331114,3.3163828321063895,1.5117687608275656,1.8928710191453297
3.464399109593782,6.0823676699544595,3.2054836599819088,4.734551146763309,0.9467283807545258
3.3174615425990837,4.94166280691953,2.8073398247172836,5.990594078832824,3.7412574830866245
3.2498799010268984,2.1450619519107708,6.54052909459188,2.5285909073213726,0.6239948991689367
2.763833352363582,3.173072512531938,2.557571692786388,1.7356354007947155,2.594580377546032
5.236997896112727,3.5821636496541522,0.973729483818989,2.3242451002973206,8.040042752925276
5.041619330975539,2.4190996124501702,3.3979939822338907,3.061279512120934,6.708358819693555
3.362659555076012,3.4795528077012046,3.3826652651435483,3.9508432176860184,4.704735397096375
4.573611803817497,3.3951635849612796,3.359708330481371,5.8320821589059655,3.8758824499407654
3.0961152199170847,7.795789569386062,1.8515570662336436,4.575009225311491,4.816211491495206
3.081295517247642,4.170688360653262,6.653829659346474,3.763902917318192,6.237060307531189
2.9312290746899006,2.778945075198419,2.8844523844907606,2.069986020449111,6.457647196835618
4.111643627238951,4.964739434025761,3.7209689168127826,6.826567962870771,8.866075396572908
4.811797267218401,2.8850703446537764,3.2241057462896925,2.7821977320850046,2.7973932501759227
7.121727229228488,5.105340711139562,4.000485270983806,4.357588491866523,5.144402743646539
3.1907648863871514,7.84713031298903,1.203323404780964,3.371167297734142,3.710189912976068
4.199640211797925,3.282094894524184,4.117719164064677,3.776571076323543,13.285560488952171
4.538851380570108,4.179634772871092,3.726043152575574,0.7204421446533814,5.390039897629074
3.213564790430729,4.988693771266376,3.844865605627014,1.3959912236560688,2.3546851249537317
4.209243907190944,4.106050657208501,2.677794841833421,7.344383017215164,2.904550629059694
3.4664107539970046,1.5615527315733724,1.976754103917283,2.31393450248772,1.6318055230927628
3.592763285013229,3.680232250066046,2.3594018419550657,3.6664977705212847,3.8261242247493668
3.0478318113217253,6.5587994707485695,2.033558334893978,3.2820351069922005,6.830907589430351
3.131541470697397,2.866929299800524,3.5299533044991067,0.6879336972992874,1.4681422691804646
3.2020752341725456,3.932385443664927,1.6982187785257306,0.7584291141839262,7.831877914852559
3.8602352969323865,5.422977627912186,5.3238028549873375,2.384401106033396,4.748851270638611
4.683714437383671,3.6179271300852855,1.161589217175755,3.8161421153560924,4.996513098218864
2.2671163327860984,2.7201680568323936,3.010758447825662,4.032860907814704,5.947789234097883
3.8911167260270476,2.635992610013132,3.6529571352802503,4.292025988335333,2.0712670862849354
3.4504396300178195,3.8538402467097845,3.3180303769118358,3.353000318923875,2.964989007592566
2.7944968181565555,5.3449527427264965,4.709162937589726,2.3155610699511833,4.621436256063024
4.065549312465089,1.0125625456265384,5.302039877607488,2.697048752918354,14.730596098190103
4.934466870277806,2.9013275197926345,3.557903033826323,2.76068728934802,2.8567941175972518
3.1690519070960663,4.5727022325120705,4.696497318555117,3.265349467296806,1.7845133449844677
4.193438880105489,1.8281914354069821,6.683632809024836,4.1653863103675794,1.7935523423365176
6.0518137729659465,3.312555376910591,6.029495935383986,0.7673156316213581,2.627663430580755
4.339680402835609,3.200970468442462,4.006091728111637,1.136709249168547,3.9394868626484265
4.985048009630154,8.906537707822018,4.228016656024863,2.741610043866744,4.209968414455334
4.4497284530832735,3.321278787004624,5.439267068535128,3.422008091486192,0.5875066409351826
4.080572086817416,2.472025048018259,7.255799477149382,3.474937069526611,3.312797354558125
3.7308926563621543,2.910988913005725,5.180285121267741,5.343083168675667,2.051507740581163
4.669720680571233,3.196373880833079,3.248019467517355,5.713311430439735,5.165456487328857
4.328101866959325,3.680444596193283,4.69891397316923,1.8803767891699996,1.9483871296493753
2.4254480948609927,1.9374507159719865,4.276338253231536,3.617106447211902,0.7308633434990237
2.900544893520462,3.17914280064962,9.56968541956631,3.4799669171146173,2.3868871121231106
3.2390216510471803,1.752634370572573,3.1377000157556205,4.975651489273773,4.49736130289083
4.494793870659421,3.6958496534743475,2.2493227215352833,5.125146944223181,6.028115533224224
3.419822322193411,3.221671319914308,4.552744603230531,1.3872185563036952,2.7958944174260325
3.49147982480877,2.715368563675741,4.612268159100449,5.558472187332232,3.2595238806233953
4.734245453411731,6.207995949288646,8.81963635591421,2.410905415932067,5.07012791094602
3.349606198440219,3.417962500042955,3.4933589811787154,4.965837893921742,1.9676545815852862
4.226471145359772,8.347195956020514,3.817978445923157,7.996028150717465,1.196934989452591
4.547001128548695,3.38302167772003,6.883925141818527,9.196628921972467,4.461193734683415
2.704992344797873,4.70603183766493,3.7131711848462428,3.1252333172083073,2.5999416390984837
4.887160576466302,3.6164845945302377,3.2812678963425648,3.983448200362434,4.727381004736744
3.2126164552175913,3.5150498649903716,16.138712648485633,0.7848191780544252,3.993154299834636
3.6916164050830576,3.682857073366954,5.216968215394891,5.045028065538909,4.363893911057481
5.214614341535573,3.7450207034930303,4.033149622494475,2.919859236713137,0.8556062294698649
4.1825596394426805,4.5463164647209195,2.6166759545933904,1.648715095604404,1.4480783615512134
3.151105035455491,8.667869189764307,3.4349083510371834,3.549560281991893,2.070645536028873
4.623363727869436,2.858646212121874,1.2444649762264839,3.2830751076039144,2.4024758706744875
3.3755281732388833,4.005008775879643,1.9389701639789114,1.8051093244885563,0.6348241317423429
3.1000164411841795,3.2900050271361243,1.840687447716038,3.8526026333702004,0.9219483010877217
3.3183516392672034,4.350264381708299,3.803495608190816,3.2145364662476577,5.065473689147299
3.928990780254411,2.4982097130462413,3.5826846386602416,2.049657254736358,2.488388309868871
5.298246469497098,5.7952328889925,2.4795122899589033,4.80913702853191,0.8861082880530609
5.801240525258587,2.3738854031731242,4.082211882106716,2.780371617484748,7.0707817124453145
3.078915117631266,4.5846404105929945,10.18461153707228,1.8179850335132743,18.85037040877543
3.81562531885192,6.535658905102446,15.006074091301402,7.757120518609197,6.52819934409979
3.9951247030467765,3.6250937822470455,7.958293355335346,3.7310102535418967,1.1270601877360755
4.192178281416594,3.3724002130513986,3.686842040469445,3.966002018368814,3.474459091741899
3.883937843150779,3.662948147700573,4.016228055105782,2.742516156665758,1.0533221087946252
2.425770149197693,2.372891395409972,1.7911793401723808,3.840638992942726,8.858322305915069
2.9315592701997972,1.6659546672912435,3.9154124212002723,2.3150125340770757,2.6674112811247843
4.92526379315431,3.9390847517515564,4.3886672709513865,3.2099826818338624,0.8600817140300909
3.674612440328923,4.744257888894902,4.725873511862654,1.0644819882939611,1.8603692330978634
3.2806134814662617,3.375073071388313,7.068684652104524,3.4272370169495225,7.134064000986162
2.2944380186753888,3.476836550863317,5.25852181352415,4.504041298073536,2.392764159673369
3.5167960031914376,3.7340255229099237,7.168111936235943,2.6477903132595295,0.808331976402173
4.308486725844506,3.48821022416096,3.2078601583807345,5.194459899952619,8.424521117323788
1.5745149856363247,4.01417395434295,3.1014811882664954,3.3786539936731304,2.3777013984262365
3.344436737678985,4.143675915715849,3.363244999072051,1.4932023611133334,5.529425877723871
3.4756770833650608,5.241455775505926,4.327295262118646,1.733351850974617,3.11460843560573
3.667251188289815,3.6518578818564897,5.143152629031588,0.7514115502845714,3.9229140077575497
3.7276389980898923,3.865244723738216,4.509185259010741,1.423388444971257,9.55122067487048
7.408465408436477,3.8139308389748843,3.6998773277339523,5.9514702350907704,8.012698146442954
3.9751912211925453,5.510039606863333,8.453139200971059,1.033017873567305,5.607164714508909
4.43408711567438,4.995233237676498,3.0588720150545585,2.685909764647865,1.2345421733874236
3.992887723641316,2.147619958306857,1.960919160156717,5.551989313458843,0.9401264230429192
6.5051023774005445,5.053519064184177,1.1093010773002583,2.0887830645652374,2.99679695811261
3.3432289557815005,3.444985632482815,3.91176642115626,3.444107074717605,2.279954582740048
4.29141213937375,5.729952569385965,12.854787572555948,4.281782728318594,2.4185207623262635
5.009426600977696,5.759420631643967,1.0260548473377933,3.5268931148288587,2.1960630823339904
3.5983100965568777,7.650387915069593,5.794731695782448,2.120518501312343,13.200414150968447
4.223707331788867,3.7847107215717894,4.135217097121694,6.099373565685022,2.2515013314513537
3.819340061645713,3.2456518052071632,4.7139452401883375,2.7975956441887067,3.4304518211356103
3.873597827281805,2.720737342458272,3.232300928822038,3.3020728314910843,1.8954270092086263
4.872845147691095,3.9002123048498554,3.449309698025997,3.7868104335842165,7.007798446533957
3.60952184425425,3.796625916239517,4.124487848951074,1.0074214596058928,2.4929212555312823
3.9263438785184666,2.8060667429243416,4.413543837314064,3.6822431144028216,1.3726889859044413
4.600715006586883,4.767105243221095,1.7536759606761505,3.7535647042607017,2.9374728118900606
3.682740745122976,4.443843225385875,3.2012286630800393,3.0986604736839674,2.5835446702107876
3.547975175122764,3.9605331385056464,3.422440205394002,5.018302407597839,4.061361497870094
4.705501755964931,7.106852340452666,3.6521891660618753,1.5164844944801863,3.4408027847328073
4.35330231460361,4.569977051098811,5.0401232332264465,7.591597524432873,10.946587442847774
2.9275085179552627,3.816829930334119,0.9699471277407222,3.3109158318664855,3.438663878935721
4.540715974193748,4.684019717546181,3.141207949452901,2.8104513064004,2.70404904331133
6.041117573944116,2.0955655163418916,7.045252247421213,3.619067510817179,2.227682035292111
3.8857959953730896,3.537061054187415,3.861271985409655,1.1788007090541348,3.9340569090362942
3.313295143217923,5.818896113593782,0.8702085530056765,3.8030318723715655,1.2791517056510788
3.2699104830401526,9.835984245592758,5.257776965800836,3.084674484906452,1.1888129841872468
5.097696910016092,3.552226159870924,3.137311323057758,5.140976609785777,4.296116237840606
3.3824348754452567,3.633177376627775,4.226141200009169,6.258651670770892,3.5202465971441987
3.985470947730464,4.524676789549753,3.546003694155744,7.544327883069446,1.5091114558185126
4.502232548785811,2.156703377722039,1.1189075887159472,4.101501775135745,4.895049475058612
3.6424154380500724,4.254237684144853,4.677872720364341,3.4225534882093336,3.523326188574301
3.6452256316856415,2.115015517183434,5.603090668192518,2.5388681040563292,0.5898960725339746
2.9086754497484346,0.9177087556108815,3.0868413035609517,1.8582405091003729,2.9013706377124437
2.9951413984813584,3.2559444438467486,2.4548792180539527,4.3111874765483265,1.6735825409320075
1.481267748021441,3.2383793454464738,4.1145499947977795,2.7807657708066045,1.8784121428583662
2.943885133102734,2.8997501360826106,0.6440686768274441,1.1003146371127122,2.5352706696783516
3.6077320573958356,1.0350298461818574,4.0922845407724555,0.912639059854188,1.1720124076736649
2.8251192062095876,2.8208092890641105,2.6135323525166654,3.6730039297760486,3.447223315922513
2.6496417608910883,3.043302696651911,1.0257112435289202,4.685007707158374,2.225419728056747
1.3705631257794209,2.7101576938350274,3.7539624225106887,1.3305963367932798,5.240911867671928
6.721541489313233,3.135181174857789,2.541697681796486,3.6537529752863116,12.680480426679432
3.412372414513194,3.7905226549673015,5.602084473590389,0.9001628923519874,7.324653002363956
3.411469835526082,4.628656290468921,2.3896246580042377,2.0969356935774712,2.104017490711821
3.4660646786528946,3.2229201057455974,3.075749348490963,3.8646916995222584,4.687821473940231
3.660164723327612,1.9134489041535103,2.7816612032180013,3.0192184900888996,1.4288348479305695
3.260788216703942,2.7944425536819164,1.90661246753167,4.081986183480532,7.831122993267202
4.380062708589611,1.2101030746046009,4.282629769736398,1.7975205494149207,2.507188303361564
4.829644493474133,3.5475506131799217,3.4412094588301616,2.6016177553299062,3.583791263863767
3.484741890569815,3.258409355260926,5.403288121072607,0.7261923703439868,4.207535961257492
4.054816406422306,4.225617487571192,4.249832058001289,0.7354178956873045,0.8694385685744261
3.1924948965909485,3.7408738800684853,7.088585436210558,2.1457031016491226,10.109379227008162
8.441738997466024,2.498862483157461,3.749051697737929,2.313637570957339,9.47194170082359
3.3641900420977433,3.880565691950999,6.437639213171622,3.798003470601328,2.282738866216367
4.814263926827622,3.3699283394283315,5.523964942549193,2.9423609138975024,3.6856479314133512
3.286597330796822,4.409490377451383,7.854954972296034,6.584972163689043,1.1510395326244394
3.892857466201354,6.145391477448334,4.5546833956337744,7.289291246548176,4.1329028255620965
3.106626607422039,3.8743917744091547,6.105586056464017,2.640683257463749,1.321986500649135
3.5335371622630047,4.732664061362956,18.22562461431287,3.915143897686575,1.8849754322261763
4.544525015818113,4.079858126155115,4.094172108329941,2.698483914523512,3.3782981826291953
4.4336198855015665,3.8331851286960323,3.2120977205340284,1.874825863309867,3.2465687975789868
3.7326918225067813,3.478531416807012,0.997096664523635,2.377658658866195,3.0384114864540956
4.438210229274236,2.8960187545662945,6.701418259238459,5.256392029762205,1.2889687594456507
3.0141551283755144,3.8457544809779045,5.314093624500412,3.8586523460073643,4.879094978900712
5.708583659103563,4.729770812464503,4.52907700836901,3.5355576206484303,2.4342834905525486
5.726318858133142,3.845824812421129,4.575838230737055,6.518975904815848,0.7419668467611504
4.0058802213580575,4.700756454888083,1.0847559013809938,4.01640272071578,6.196520354740335
4.048018795326878,3.616543056638933,1.7438797654097935,3.478745532668465,0.8680199091227079
3.828691192868328,4.682391590900801,0.8477283818938867,3.785688413277304,6.4480910951961885
4.151479181727888,2.373454451575909,0.7045300455829442,3.518341766762426,5.195782375634037
2.9332444763401053,4.110573081164154,6.740988156114697,2.9231360754959237,2.5697878235518528
3.5555125297120416,3.162920215264668,9.766141468025431,13.328272092214245,4.350319990089212
0.755791681440657,4.948682307408221,3.6161958270281414,2.60980340885464,3.8024297768688013
3.3671484593128524,5.071779350525687,4.715299905775847,2.4352879033755266,2.0604976185016475
3.499132899066382,0.6467812402431529,6.589592530087128,3.479320605135391,2.3778009821117823
3.7043555303952385,0.7231536580899522,3.4648834786731766,2.863342142841837,10.134778180589333
3.612558779949363,0.9904178113626627,5.814983691356429,1.745979892384117,1.1716927237359072
5.761260834471167,4.029217136363649,3.5751769641424236,2.797054051639484,1.8626951290117972
4.145464813938706,2.931343284618582,3.4193703894089547,2.0421537690913594,0.9611949256518264
4.020138319688292,5.779024511566062,11.203914853398835,2.6758254964690873,10.357495657188512
3.133041265493491,7.947421482282023,7.128918624417851,4.830379207206564,0.9703798030110993
3.54150138396492,3.2161984817991476,5.162865059784594,1.7462496195972466,9.804837610669125
2.5942992081367757,5.224466355382119,7.368333273051774,0.988307690991386,7.820470663401947
3.6664553151675268,4.607525509681062,4.160846817623182,6.7543079353833,2.179436751168673
3.2980725583131076,3.2694476678309194,2.5643244272090993,3.331108602184563,0.6415025220371986
3.362445865923039,9.229829136962103,3.4247359311422243,3.5328833214372155,1.678208284034174
2.591821786981087,2.915617365711244,2.834979398917683,2.7678150629429163,2.1394607999445108
3.0872621169146126,4.077733252018628,2.359890888004426,2.9241058893811274,2.8745828368378747
3.915724830198794,3.618116227991993,4.1300976773480755,3.088153866750861,1.9799856004690177
4.737615879561901,1.4822632872718169,4.238713623417456,8.548707493265319,2.8012718842473197
3.2122733368430882,3.572859271864706,4.517335193134782,5.380731736582525,1.7773649862543495
3.207605603454559,3.769705952562737,5.551879197964814,1.0427942921615085,2.992194126803505
5.555380688336335,3.4937229606103344,4.057778147344064,2.2360519611485463,2.8716231910463477
3.7320523674105965,3.7826004285321444,1.499039515350024,4.924572674093255,1.1395411023111672
3.862743738055973,0.6962076719897531,5.740705373404748,8.180858472881347,10.384901786999663
3.3585122427883767,2.838676543381336,2.494958144200866,5.456531737837677,2.5779288727665826
3.4190266853397677,5.776939067015211,7.053074704921204,2.571133952578067,3.3938737855231556
3.924219734715555,6.216081668453609,8.625810550814952,2.8521095275458928,0.7619645687550077
2.85157493541131,3.6119179741255336,3.1292167703022367,3.5356984084470273,0.8383300607535297
5.18592236998835,4.019331596268222,3.5013868794930993,3.5032091974515605,6.356697915428817
5.27326419603783,2.1127747263569234,3.384353483496865,1.0450383148309972,5.457609942552823
3.6462625140329576,2.9518717407916526,4.309554791365763,5.639706149437634,5.1192517051942374
3.896172955837303,3.64033974389046,4.646759119344421,2.9966042451363726,2.3337645114943575
3.2628899000694953,3.3308658143713097,1.198480166803384,3.014655537883052,1.783547736171806
3.9383486968500665,2.3308466690216036,2.4839920747771984,4.478941921489206,18.94313925518948
3.7744010381121824,4.083702197001402,6.7363267819283505,6.476347896388144,3.9301128924663224
5.195771171144803,3.7202709317699236,3.6153034782905857,2.7688228156435097,2.9401178634254803
3.5278051011245015,3.2120420845922384,3.3440196700130813,9.740179017280708,5.140750602775702
4.07706428517252,3.824537625248588,5.186856882154738,3.108416942193557,1.7688485551096742
3.0664648380404564,3.7688121810225144,3.9760334954727155,11.51187886519297,5.313144016451231
3.27482838914549,4.1626555410065516,4.423118431914269,7.211819862408075,0.9211768139533449
3.359088365593404,2.137931849038072,6.252084530894048,4.482106837447919,7.401048946567669
4.150136092621293,4.049351964048184,3.3810978097961453,2.8818455849231066,3.4842649723802
5.696157814158513,5.481170601317683,2.385285257618512,1.1732901593351157,3.9320677842554552
4.176297397905722,4.94193694497956,3.867552021522398,5.525382715209776,2.106429488705948
2.655986739172915,3.309741196946785,1.4785704642140776,0.6826730922271801,2.8512021395459057
4.985317025065571,1.3205141348236482,4.565496135936881,6.841013960646594,0.7248929760941907
3.269536907557958,4.205636056355296,1.9324981917561024,0.9194283689543911,26.17113162282357
3.3845681502020137,2.0210736277297436,4.639986935966789,5.532078670920097,0.7149709610662641
4.204328745409505,3.5480075917499385,3.4803156830268684,1.0546901489212297,5.9922021739033715
3.4190976641193647,5.401136355834186,3.2411714522128268,3.5432488944015343,2.667452801812558
5.000203490847761,3.543564628489318,1.058356117153531,3.1493683423791987,2.2265198487905455
3.0996246723885594,4.700568601378521,4.881435773162027,1.011432127906078,10.671278217888691
4.312459086527622,2.7300078626917466,5.126965406629667,5.876043571633802,1.4929985661936511
6.197495061073573,4.497568695592429,4.52336544585458,6.398402803428783,3.664449031506526
4.664689201072934,3.5826637645912496,3.8571374258804543,3.154351672879069,3.444958579261643
3.0704238628629232,1.75513965831262,0.6490987966873865,4.526658426552123,2.003571008756097
5.269919771464486,2.865936626010524,5.068597443648939,3.4394910751360137,3.4281273833962427
3.8620336468117027,1.962377397435534,3.6333821662666046,8.746739335141633,1.4674058043678853
2.3915950682014437,3.389993920352598,2.7342223851245007,9.005824531981018,2.926564808031918
3.5730204927236717,6.372663635951718,7.532700546675179,1.9057908402815065,2.4559899639032343
3.2047141429404853,2.751265665798491,2.0985496714289638,3.6047487978487984,2.511069890515815
4.042120633480265,5.51256535614777,1.4618325108127428,5.06697458361095,2.556369016353663
3.786860674281237,3.2882185831359707,5.611464825512799,3.574101492396696,3.576529072993342
4.618146295674394,2.6006779449383273,3.2583454595131847,7.17528493962933,2.037303059617991
3.948219981982922,3.3794295073647524,4.517291845388169,1.0174288409824757,4.208254238081803
2.9339793873379096,4.259260410453943,1.1944379150486046,6.654175693446359,1.9714886401764071
3.022640460231494,4.356545598026843,3.200883035534162,2.9137814519181364,6.196738689434361
3.3750660022230115,2.9718387850390977,5.101881898479342,3.1709718608726787,4.251325728754513
3.520751076797334,3.6142286598691116,0.795821678087013,2.3565593352344947,2.977286925492449
5.152651270126651,4.514249607085615,5.086485180713684,5.64778905107451,1.602935908951922
2.7399159784358913,3.3434294253243952,5.259315873615004,2.767878481366529,17.224821730287523
5.73678666401088,4.490121711722025,4.353042232524945,3.1816187821441804,2.279167355626985
3.530802222604675,2.3888408988519494,4.027812177811457,5.212107508724301,2.0780588602454633
3.659490960852889,2.782471584262047,4.100728797103713,4.576257652535074,3.3801580975502032
6.086730356782575,5.903509802289318,5.004574016376696,10.85590605690744,21.585900092000706
2.735949484394273,6.819882359462176,4.669830060923272,3.8110292580575695,0.8934799478847864
3.7270771661092543,2.761705260180279,10.136734160712471,3.790534965678032,5.51589283890158
3.843904448872116,7.781255464602636,2.246586930481992,1.841955118595398,3.358409938227677
3.082046964271267,7.282901915216875,2.8965631101436617,0.7749914717467967,5.3374855217242025
3.6894635146750097,12.060209126503091,5.372036312841973,6.691787443783986,2.722691006078771
4.25574476501017,7.510101982518654,1.8355878843867053,5.352069611699577,4.04207244204946
2.8185900242699735,6.188020932035815,6.104261183519248,3.424733264289254,2.697637251844359
4.293141459784118,2.3964042644143424,1.690154788425166,2.3348826979023336,1.7233744873598715
4.323301488356561,5.8731689875088575,9.412926314575936,1.9845738957966519,3.571708838055756
0.7490736024788769,5.857169159117882,4.202144089887662,4.468208312229553,3.049764278025895
3.629876241253162,2.4738766832403893,2.1841732780531693,3.7452353153661333,1.3315903701414984
4.174511978603549,6.4287237501496595,3.5013061827176353,2.178778441116702,2.4020986765412866
5.480224478314826,2.896479038806839,4.3482292788536165,4.1132616904233394,2.1715756663616097
3.2154414367062802,6.668004102557305,3.6101410384978183,3.284837031264835,6.552216460552299
6.103467128185768,3.4647628342997234,4.29716873173342,9.31812692395456,12.809408237701513
3.8957998176989164,3.714145556990128,5.759541366782667,2.324527252854773,4.856807317765764
3.286067655120598,3.50798442049945,1.724369638657329,4.617207511166614,1.1303870800431504
3.7677695854597895,4.283695165691238,1.9141975896826215,6.845708162013111,2.421815715489447
3.6721059044854867,3.213431762807047,1.1872933356993705,3.3607413896608027,3.786671965235593
4.51407719144271,4.539118722996294,4.36731889781757,3.5521213349368064,5.670808056133211
4.11586374159466,2.2037784855385865,6.227033391304804,0.7159296633251623,2.568737603351287
6.673131598659736,5.542411997960445,3.492080211805433,0.7376156344108761,2.3574386135736445
7.116603786539538,4.388259022983935,2.748668379727229,7.346277707699761,4.687711829969192
3.9767366439263587,4.555032049421549,6.252637146199145,1.7704348831468277,7.62911229211615
3.3577981720358046,3.2326582765819873,1.2095898007646066,1.9064513701280468,7.182484891529275
5.157227700510988,6.678540656753088,1.5339388276637136,5.243621788866298,2.3173941151895874
3.4613275228299263,4.192807981119862,1.8684041198070394,2.5297943693662552,0.6944324646230887
3.3470216100949073,4.22117749373232,3.159941882102982,3.013376082684557,5.667910401474084
5.335472280090121,2.8592951977060976,2.59641417927878,2.813044040638402,4.8973056645623085
4.146663264193951,2.6555791200952013,14.116464586329556,2.8937379986929344,2.104450526383516
2.721474534584255,3.808273315453794,4.229332125428478,2.444008804845395,6.790906709860609
6.264302121955476,3.9887184480563436,3.485358998993904,1.974973592067754,9.144796486666012
3.287486794045132,4.0193916476155085,4.454907223801771,4.202907505068987,3.134390283952675
3.72700774703138,3.496016352936493,2.369820778008176,6.10332672996115,1.5268023485835076
5.083721679400943,2.156868993586814,2.295301461298768,0.8894469217124836,6.661116770267987
4.923739991091214,4.822027252293927,3.5202966707353864,6.006095862089029,1.5210219402228027
5.061023901157187,5.191578063314718,4.197135935370986,1.608621975786616,4.7321491398044095
0.7199032018313645,2.2183664305379542,5.574201555051918,3.020516465545193,2.6664467918142805
3.4625180147048877,3.1304959614961043,1.7054113634767316,2.7202859088737905,1.304283709519305
4.02688397341894,3.6138422309148113,0.8142568806138295,1.0204074507242862,1.072633304710843
3.097185777744134,2.8751017899201345,10.645996719102905,3.160512362949815,3.0472660193852694
4.326267308229746,3.815194642790528,3.8977991639489877,9.722520018763108,0.7663178956226099
3.4710513844784616,3.329206670557425,3.4146666076333116,0.8169068570355358,0.7533720093493934
3.154318096125787,6.5890740727941965,10.05570767823333,1.0355835857522215,4.597445196522061
4.308154933958195,4.079543608744499,0.7276156219867067,5.863422463643752,8.510995991815477
5.398217803913447,4.298953126458645,4.072419792469754,4.34120453572906,2.8381610932056875
5.255490312077898,3.7768989693840886,4.555504803374713,3.112502481861266,1.226229347260585
3.7062846153393596,3.2835829096461184,4.225914200827294,4.307050182113441,6.72512236755949
4.403288813229535,3.6874444067122116,2.36550021786436,8.582767609767748,3.143193078418756
2.9617729229394327,4.6174027473056976,5.444621338804479,2.029191201681837,4.019712773233368
3.1049819849506277,4.559332210270127,2.8494192341527738,3.2763749873501933,3.213415086454895
3.792938665779822,4.872894145916454,6.949271510043311,5.0557171132234755,0.8326937125278313
4.380871972373885,2.7917526119357734,3.3133144283058034,7.186741451216693,2.423479265306899
2.9879147631238867,3.4837439613651013,3.785765977170016,6.181396618036451,5.24163400520728
2.3155501415766473,4.091772338283876,4.079094353481959,3.0466239354058926,2.25282977208992
4.386667316356478,1.3549365765765207,4.833934021487896,4.578436190957523,4.857300154958468
2.659985475320434,3.860100671085083,4.740965866450518,0.7445405965997417,3.0360191800344096
4.0997260505367885,3.409737645797833,3.4796371131390362,3.7510229081198605,6.588670489061365
3.7595610888397184,2.4585464091504354,1.5560385810855744,4.6014828849905784,5.276688428833823
3.3863292012699513,3.6593580091155644,4.336668486658483,5.1743204241576946,7.051147833914245
4.650823340213813,1.4177876009081891,4.7737736495916145,4.221819667341868,6.9222228955251826
6.423826766079344,4.236261037148626,8.929644554164122,10.8292833154537,1.100478201247179
3.3223515246088877,3.6567610447889938,5.13273196785151,3.923588067066526,3.6604915960698867
5.563625256226824,3.6027013606739726,3.96335442872176,3.091405292568088,1.6858383831328378
3.529368414216729,2.7029056598697343,4.295819279566255,2.7238837222936487,5.86455405186166
5.322593356369558,2.6020935792153512,8.871855157620857,3.6457058408359226,0.988332238362005
4.628820311910022,3.620359284153269,0.7742078197149166,3.801385523472996,2.4488115035533298
3.164321005483083,3.402562409208184,1.9377972037018756,2.619424104961519,12.159603563101367
5.487357806499045,4.0439500256789245,3.340135370111359,1.0752902860060007,5.388958619954719
5.154171999363169,4.3022565533251305,5.416527841296666,2.2789365171800116,3.5735381535946225
3.7099221504289233,4.501632709612157,4.786403957635933,2.5659111087016075,1.2800281773274604
4.256508633929853,4.477214379011199,8.951158824609164,4.020017629614699,16.280035148486633
3.5451448656547635,6.670320967865708,6.173744941420497,0.9928430534242986,4.7283653702675155
3.8233917196996354,2.6350110277235665,5.382019722522409,3.040047458361579,6.794391355242926
5.792437019417106,2.861845726990408,2.490813286413822,4.832779195945442,2.3049559978403824
3.7591564694764306,4.507455259062137,2.915317457018234,3.261151985917674,1.9213994147003357
5.68094829417641,2.7463613295772755,2.1883264090286647,4.444444396927711,8.967666634641258
4.698621155535526,5.868716674965209,4.323211070585708,5.034030313525605,1.045408259914927
3.6863120407302827,3.5154224155930405,2.88398558674486,4.562861739635164,2.392034145812694
4.954000063919291,3.107535246128017,3.5654034348991006,2.5570307602803597,12.57741411228168
5.531875964386698,3.8718079646017425,5.874372576524388,1.007517215492302,8.797442601335684
3.968764547579398,3.4215578068965202,3.075522239414167,5.317270954775587,2.035025736349592
5.31120994434256,4.16878375923182,3.3168924419791734,2.6223579893180937,3.160996279538097
5.5489620195519045,0.6816290939417696,1.638334463832942,4.568772439392845,4.708351001988975
6.314304137064076,3.741312388381873,6.287234853812546,3.374273232093447,1.36750631753838
3.38535335087335,4.06820072334712,1.0599403409242867,2.1034199462340424,5.786266673625334
4.084369512936426,2.2701767828375172,2.3761361123035027,2.2307273179022213,0.8977963458200032
3.7129843625131755,4.144810146042553,1.1732401853953092,1.008562760140259,1.2522712712580293
3.0156015387426494,2.8879622563638194,3.9083302396034214,2.278125942602684,2.3265411339289193
3.4641393534497333,5.575269468357127,4.966347300928731,2.520985133043139,0.8748064257452227
5.029589611892497,5.074447654174217,3.0130424417431336,2.687023049248521,4.0967463548640275
2.886333049644288,3.9142303346892082,1.1257347593106615,5.252803598107255,0.6583402569362515
3.3413034361479252,3.070064868160569,1.717123170099495,4.596978676681553,2.3483937594414344
3.8526735291649414,4.639555303102306,0.680649002619836,4.188414680410412,2.809047414730537
3.5940285454949548,5.696731572032605,2.9926518558494437,1.896200759044381,1.9140533506031085
4.18250861196121,2.382826815954571,3.3509076647079477,3.894952946484591,1.0691050059369231
3.093785545257644,3.5759819773216854,5.798318699098446,2.7139978827788758,5.252467455829952
4.3262948720188,4.509824351818468,3.5399459973466696,5.478449229804333,6.861210907528911
4.289912270989033,4.52731433546154,1.7112067664234691,6.903343222205607,5.022227452099258
4.406206775509912,3.703421112299397,6.91973285180878,2.6163586030746195,1.9639620841404757
4.346483102211309,3.706060204122314,3.4028752098224757,1.0433360733600523,3.3332906340786366
2.4132033303479608,3.532771164570551,4.395469982823285,5.321303033961834,1.8705619806918194
7.408846236283418,3.1858637178037843,3.624689710423506,4.389813295469168,1.902504314141169
3.1336540228193783,3.360638232533463,0.7736838035766854,1.3117580693970083,1.0228847522607625
3.770347424519586,7.433553765764901,7.2165280262751965,2.5310388172418383,8.629455814037199
5.275917363421687,4.252016537106837,4.638014557846589,3.4539021752909913,0.7262727068458708
3.5478383483215135,8.40213564084274,4.237367958289682,3.62675364399014,8.812085329133302
4.1789568576301175,5.062126712916003,3.2258325848354605,12.482419966103764,5.8470412672015915
4.551700791710989,2.946308144453142,1.6694935610267048,18.049160581596993,0.900013051666525
3.416799030572185,3.7539762905073637,1.3090214872597499,0.8603888288332386,4.950658861420994
4.565432050643923,3.149740008180829,6.845049993304117,5.373348097254895,1.1800593656117706
3.860190713986255,4.174100807807646,3.0215961618312956,1.5958317310171075,1.3613873568586201
4.039249124779616,2.276688818294009,4.577329651202159,0.8316920329884606,2.3860262765976534
4.598970790571909,3.1228186419072816,1.2696023200542608,7.499118629709803,0.9563925098787475
3.1614005507660363,2.9374648950094384,3.1468540765428648,6.694424808428242,3.7581261037612155
2.542481716534468,4.459860690166696,3.801047015305513,2.2919913627372646,6.494445516119966
2.4414869511312327,3.298008315127467,6.252297009619919,1.693643973280065,4.2356182259594855
1.504221389786285,3.3066288235373467,5.07915379074073,8.088042861795405,4.192281289476553
5.77982532879274,5.592653720440859,3.1877823771028346,1.821579363085861,5.345780856781795
3.671153460709217,3.764872166392951,5.934952066002423,3.25164781596019,0.85068756120173
3.6401969284358944,6.586267196934589,4.794702811899712,12.734203826416646,2.791609259410224
3.800881424081823,5.87161446294308,3.218371767223884,0.8067268284559899,2.7683311930407104
2.9196762223932033,3.489735056743812,1.1046649415921155,4.816956723836292,0.6170240461564533
3.729070058268085,4.9185298891030795,4.161725893586453,2.4334710291972073,2.371167416181268
3.3506803246055816,3.904363643380814,3.641039506348625,2.925104987964876,2.3369979150271423
3.7470477509305993,5.3683508266449405,2.493089408123732,0.8033097240533431,5.24138574807133
4.942255536955065,4.459377948536465,3.534625103607783,4.220559633430302,2.1607402821411945
3.403257462782271,3.8790692386790058,5.428064436521436,3.014818471759964,1.2611421732428412
6.046432912385978,3.6997065260531086,1.0006549891999612,0.8874349218099067,0.6534066010229442
3.3522377829616645,4.519285807994278,6.786657861597914,2.1585010930202686,2.6376822474381774
3.9337102239106785,1.8079933799655097,2.9925007116194586,3.396749132553213,3.6591584667498953
3.807182228640861,4.23152388820133,6.671608115426503,3.246212867897503,8.647041132141888
3.460131840638394,1.861122972333336,6.112025156418179,1.0268311583554999,2.983012295455817
4.035211846483521,4.549547996893034,1.4047747269751485,5.088991519615074,3.5711937358298567
3.878192304607658,5.597453387353014,4.591279398231545,6.556992086047009,3.3835029211401855
3.9182344851248088,3.366541486205866,3.6768406343284985,5.003070077602467,6.283822491435445
6.3581076067273985,6.820431490270202,4.339734807957602,2.4258744113648767,1.3521224496847297
3.487733330062908,3.2630806448871206,1.1081811038627327,1.6614605903566813,2.331276176352246
3.6903977744611747,3.516010762365271,2.793143870915467,2.813043188227023,9.364823301442389
3.7785715958260324,3.391008185039425,1.5242896921992957,7.5884855554913555,5.582609694673643
3.9190802777679785,4.913018294804554,6.096458928327934,2.908945445684842,0.7073557743643433
3.127430101446396,3.520056596181148,1.408811656366652,1.5087810538624502,2.2442051567460113
5.540074329931617,4.035053165813544,3.48277530366699,1.2719382170234017,1.2513733037211934
3.830730584452992,3.1085087136432583,4.204303527857319,0.9496652994587794,2.428679438813887
3.83289949855188,8.122754736307332,10.077276709838348,1.7078658271606872,3.663924086191757
4.571601546588081,0.8650969379362566,3.6481058026140585,0.829496767354517,0.665167813435018
2.7818625383855182,3.144792919518509,0.9933771578259852,0.9777115170634508,5.8554688710742635
4.363951648493371,1.4821586799968465,4.080674610875145,2.3760267072805936,1.9465761467919462
4.379471342886333,3.756818269451904,6.421000764734014,2.7693457886375272,1.7685705278908546
3.492799265671806,2.8077921593900896,9.863223486746246,7.873421641215485,4.082319330757837
3.279822509027876,2.6231856877462416,2.5836239190351833,2.943110015883751,7.335886277900463
4.5557556314142005,3.3060942505852697,3.707578762443563,4.653201639913835,1.4226925568374502
2.7625902169827485,3.7422995120574942,2.592340294574654,4.522818875963895,11.524981900614305
3.5341035944761128,3.285172008111915,3.107725691504474,2.0408258750603676,0.9124223508711912
3.132286561121478,4.389315056612344,2.961335891974521,5.029615286328358,3.1532953125779017
4.399922687458287,6.611581881573944,9.312818692698867,0.9373905420158781,3.4450538266761406
5.2164481681948365,5.967329927511763,2.353484850969124,5.446971387001319,5.68492675469043
2.9223106299926975,12.653847317485099,1.650249444643014,1.6535888573001893,3.963609635842021
3.2818715370031657,3.8558362015029743,4.2350999205444735,0.622020722921112,2.391107595545381
5.640409369770557,3.712676614941915,3.59193999150071,6.374544085737215,1.9712649310277204
3.664763095431335,4.1024746003829335,3.007531690520209,2.5670917079858984,7.913103931399437
2.4135598540853076,2.8714415402439046,5.186300394275107,3.0515508863857406,1.9628741195686945
2.5795888851492204,12.394480358987567,2.0152500441046657,2.4824600602182336,3.3146223444029785
2.9453304552185178,3.9082713003858327,3.420089727255099,4.367117749140646,1.0156824296504277
3.8167392708969743,3.8142180430672803,11.518151120824896,4.432571125719351,0.7380131132917734
2.2372308742159026,3.2417648350242527,4.047816401411664,3.154283937834061,6.323713753374294
5.589296832131223,1.4401269508754369,5.81268251312674,2.655687246710789,1.0732846500681723
2.831114128766693,5.900437903632988,4.075171658159275,7.575093535429416,1.9757423460536958
6.6001389026554325,1.1898581525797378,10.208433899550334,5.000096278408323,2.4768105064834054
2.305717867510239,4.174683071446212,3.5157108217707598,5.231452712029878,4.535978326282634
3.658308052097274,3.204817836300065,4.726611893035574,5.43673138678628,5.192376794906937
4.56211750323029,4.836937695659479,11.93648424911035,1.1543330032412404,10.054272203496517
3.4248962976532535,3.330712256706752,3.981346839351398,2.437610961006165,2.1780810946339524
3.5859748585081412,3.8088167876165087,3.3425966161995397,1.7404826440204375,2.0526675001251427
4.1834503332771655,2.851462573424711,6.462051890356865,1.62932607032255,11.616980318788404
4.523185602331955,2.670538886448609,7.067361567867017,1.8644916445030073,6.4721974100944974
6.041823702288891,5.867503164107523,6.365065410880149,2.544652474076257,0.7108373664982546
2.991590778618095,4.4717027552853414,7.1928750008695825,1.9733981461132,6.57670206078039
4.534358888819717,3.5781163054425082,4.008301352286771,4.570080135719631,3.598138639838466
3.298661678973963,2.769976733218299,2.2797553658151752,3.5369104127161206,9.417603628291324
3.8271995160963765,2.3451768002728923,2.2077052152148515,3.2066362875992613,1.1249139276718396
5.575978869524453,3.337775796693077,3.354191528439654,10.118977133361268,8.433051093018808
4.93582824873968,0.6819818574294727,3.416218820784064,1.851784639376724,1.3290592626077116
1.517450418884706,3.5771610394705453,2.5158694659251806,7.01149225921693,5.901025984264727
4.947861074784029,4.031557393804531,2.24691891961939,6.46444815929882,1.168539622960435
4.063564033573074,4.8163774099008325,1.8265781682004134,2.959565713980964,2.427955619942415
1.553566651827474,3.0027980745969023,3.6753413859283275,5.6407985835193335,2.770585050320418
4.100840267959336,3.191576236916903,2.2520585040847734,1.62793348691727,1.848428969779118
3.298867142838815,3.1231791228257317,3.5980727798993204,2.9037875392022188,4.035856564744399
3.6017391295509333,3.4589413651418424,1.7798008724640646,6.283169532059143,1.905229444185422
7.266780756135587,4.589891067319744,2.109195397064246,9.56254593429062,6.757485265452476
4.215834392381733,3.714934362628954,3.2317463091974203,3.4935227216792932,4.3341484245145425
3.5606291866555355,6.606738376538509,3.694509013640226,6.520334833660079,2.3980223092158863
3.6756315871286067,0.7466592908735922,1.5037830899137656,3.247884298777806,2.0963017476267916
4.341923889871638,4.492833195473993,6.707980686139463,3.0441157430664147,1.2574273320933809
3.100212034050727,6.55888802597886,4.292960786160294,4.026310426159336,2.4264746274919364
3.0767924404254474,3.2455636033370796,2.7226504917806014,2.8829788726049177,3.021949843612171
1.7847563786401497,5.219519983648979,4.527355099313305,3.0274229073791323,10.408879004317283
3.920808641863592,5.232170416293213,3.934878436817544,1.6820984179237288,2.1069900716515835
3.0737363825293214,4.614142168212074,2.4751728976306473,10.637839426960955,2.127469310613931
6.122019991461322,6.157332471446532,7.202962337657661,0.6414110595690636,0.9392946593860407
7.8765039219796735,3.5327375989788967,3.101122326161659,0.7708856856200161,5.9720434424598645
3.001793256198162,6.609481820727473,4.548043028617379,3.5333949108840934,3.1454024811028014
5.32603096919191,3.253625981797027,1.3233786639210199,7.492076560725212,1.097456985877667
4.243331504766589,4.143529735901397,3.945396726009064,5.608786252615637,2.739763603543382
3.1499752195316284,1.5491459811785757,2.3075623575749424,1.4512726624621024,1.145952295318024
3.872807531740231,3.5285013157353933,0.855957678356598,1.734112334000538,3.7292803716182346
3.5941712903139287,5.791442500228683,5.965821079862044,3.680828369291283,9.519422844816264
3.497485776141726,3.8616123888523317,2.8592096726815037,4.98117045800974,2.230298032154736
3.4431445473639712,4.28909084413819,3.9083430159861963,2.1297936351898543,1.555080022823591
3.4743731145277654,3.503555224613089,3.3403784336911455,2.921921837239285,3.5168286031396105
3.8612561168144226,6.514205041275361,3.368345400275754,1.8989871643315823,1.584970973424383
5.626505840300052,5.612233358337197,1.572901045611892,3.7573505933184244,1.07115355426878
3.9667698586661007,3.5749854167067303,2.9768787503359797,11.149068522998872,2.3402721794659347
2.948996962823035,6.116798200704298,6.406375352978844,6.701478488153057,0.9902456057392931
3.9740847943388835,4.307757699376114,5.633563889638793,4.230852976439723,2.7794720027377684
4.402552641208579,2.6910914674074777,4.098295051441969,4.1917414960086194,1.818035955860001
5.544344948667459,2.8599328316332606,3.866616229285266,6.029954206885986,5.79414284184649
6.082674097213323,3.008720445380426,0.9052106585516073,3.9341561897408583,3.070411917193286
3.4496880270521,6.409513431719961,5.081168355606072,5.696383875180724,2.517700349630062
3.8094724359375816,3.5173069861692157,3.0178221100925846,7.045443919460832,2.0687385400375575
3.2290893618212198,4.22553447724211,3.1475018410834683,3.1053759887805175,7.78826484892674
3.6312814816144057,3.5660034560609244,5.348268578106331,3.1256432249699535,0.6933352348313123
3.871358651903341,6.451607033965188,6.31559637455053,7.498415581002918,6.788163864579704
2.886629677123963,9.16689400491406,3.470041973126234,8.648359245921391,2.543118365109525
3.5273318073275326,4.545850918929474,2.8852470852087193,0.8976630036281565,2.0835703056765236
4.778153438083259,3.4319034400453794,1.6252858831625194,5.298969747473443,2.053958192341362
3.287391088160424,1.0175696019939748,1.298492645508268,4.069914108176221,1.0316532184546001
5.412058321363001,3.3468591476745955,2.6515007614692756,3.046963137490603,3.849244708040363
2.890338903951082,4.834138407339163,2.503626562674143,0.637506072352879,0.9151576445478639
2.320673882725091,3.2697768576640636,0.8675904641169975,4.892626498725278,2.4784374885282006
3.1046882696547247,2.7720867666693905,4.627424253488786,7.352425554708703,2.387226275825448
5.0771923848036495,3.8070296725281962,1.104258068555321,5.61447966123288,2.493063876836435
1.766016092478244,3.5216876256387715,4.198826711404031,1.1358370099155437,7.236460890337778
6.490935319738604,3.7617477559367796,1.3929004258303512,2.9311451496203307,1.073793371252802
3.762639561675173,5.136546942350015,2.0854795702677276,6.308623134662016,3.477550929462343
3.0416353545897294,5.430115920849473,2.3028848768286156,3.368063843514699,10.022053994342171
3.56210869446717,5.051033583497861,4.103774454155609,0.899859882586759,4.5283419441736585
6.98041835549511,3.601802701580489,7.003298800139337,1.837610775336708,0.9918673800504896
3.540749195987611,9.184760314967136,0.9595998200721932,4.143546023223703,3.536246657010718
3.7259051885231913,2.510150208649218,2.8876027695721214,1.3190976308122988,2.4288465649281528
2.750333044804732,4.040818019036803,3.2519355683250555,3.3938351645406346,1.1837583919724228
3.67351602785406,3.4575522325411963,6.469776262823484,1.4994368383341226,4.129961241098309
4.816167423922615,7.013163919428212,2.287634837800171,4.378183735958797,15.82037431681065
4.986319987064163,4.110101887358011,3.0163820289817225,5.215905812501198,3.7812426455016945
4.55022668530518,5.0370788640100805,5.169153126811285,3.077978739956678,2.0939637949498784
5.576801215360574,5.926731431887799,2.629033929451732,2.171816839060385,2.7418969157552064
3.8969523804878663,4.029668886091357,6.279684059276554,4.622243024612328,2.2144850440420174
3.6365049195016494,4.091778356623807,2.8536503320894058,2.9462123897839225,2.4326438872707334
1.3947369760544397,3.3068230454978096,2.5767067284479386,14.864731712242945,2.3041916431804874
3.0435102153711973,3.667452189130366,4.636673495758916,4.73351104084122,2.716974030937287
4.646541991215832,2.82414523399925,2.690417568202316,6.927928869828258,2.2400132418078744
3.5497940846929246,4.248704794035968,4.054700313417957,3.9798769070593454,2.6551406187312496
4.854372890333372,3.5849040245483685,4.726440377420169,3.076999142476006,0.7575885247371
3.8063133794269226,5.139455356774744,5.557846422461723,2.0350841192043823,3.7440161552172846
3.332009465944622,4.091134213065899,2.696342173816995,0.811638748999413,2.807986715579394
3.203182364931396,7.967208668580914,3.563205996642014,3.1813642617782625,2.1659456869152174
3.6660740192004186,3.9923069511688145,3.5488888621478987,3.119524684630747,3.250967420763413
4.789428674934215,4.776110252480632,3.1990540365439415,1.570793649997067,4.998693598862346
4.282920101303924,8.889705000325273,4.090946574973042,3.535517667181294,4.716541427439899
3.818328426166456,3.1740958288824825,1.5637967537589266,2.9180237690821373,0.8456285096311735
3.78815035625444,1.1009617361292454,3.508274529938825,0.7270212626258477,6.951167425966877
4.729562798867977,2.6368105453817163,5.838368292998844,2.5118623242848357,1.0348935341924903
3.3610360102778642,4.310308995807539,3.187305547834232,3.5443678493708206,10.295394516293559
3.0649154013904445,8.110417311811421,4.456721882389336,0.695813638215086,3.1245133350036913
5.115874067612778,5.9624351781424165,1.8803971344883654,17.1757561188268,1.7206843536662952
3.386590630294393,6.4331115449420935,3.862279280355614,3.0392825081981383,5.614421851896385
5.480445861733887,3.727673849513167,8.51906118119126,5.574917270486578,1.4450819070431864
3.429650597933865,3.9409060598021277,3.033469680853791,9.162283132055155,6.313630979387022
1.4166729903598092,5.37605415621212,2.9939608302115155,4.025183156544278,2.262215243128098
5.368955993603317,5.452905096506358,3.597873309851791,3.038609450305315,6.1418909135891
2.9501111128619404,1.0214366615413764,4.84074115609387,8.28615046569702,1.9905121148346887
2.848492393514972,5.6662880842644965,6.860821383391529,2.580778578173333,0.7300032848958132
3.0794781541653675,3.3856336474694184,1.7841326014119783,9.193600911926053,4.272691185373004
3.5736797904222897,2.909944456386674,2.994455865394692,2.5581763198031497,2.085376482052276
4.234579938230801,5.576994665799655,6.32411816944191,2.8681761212676693,12.73020660609821
4.112213169176374,3.2836718894413095,6.074809223260628,1.9812427289190198,2.0477632316519636
3.8189117099600485,4.138525738779624,1.9298889641469887,10.228264137088923,2.447526295888013
3.2444228478853936,3.078429018213109,3.675319250861573,4.972791026873262,2.027202578930254
6.650186578024002,4.091070204259917,3.067129496784947,3.461532354675174,2.908528876049617
6.556734492174516,6.919915464740008,3.1117124308779855,3.023919365258808,3.1737429771521577
8.508379275601513,3.268475222281743,4.982277906040237,0.9245098369516608,19.88950591362781
6.162855495665075,3.538873251361257,3.7249671236026485,4.201938207274827,9.471224349245539
3.373853829009716,3.379059547424365,2.809357406119324,1.6929313119143246,2.2881164312598736
5.199383733733041,3.975136115588211,3.033330194274864,5.379184385644015,1.722272687107386
3.9054657116370013,7.007727259178039,3.3297022161586183,3.333058727826575,1.8149647555501496
5.174607470607263,3.2379315081584896,4.32431716353867,2.640778388127763,3.3298048421480795
0.6459718605407473,2.8756273384717796,4.990065404946173,0.6790137131565274,2.2515545107258816
3.8018285962960268,7.032489645888667,2.99795907585961,3.7023908175407474,3.382851780319014
3.213603331305405,4.053759132491459,2.8440713851136348,1.3126893740522663,3.678990747447727
4.8195723329814015,7.042916091613972,4.15216227319696,2.2747464917667255,0.9944124343614655
3.4913968603915455,4.454777528691466,3.6745563340011023,1.778778437720217,10.059974880177851
4.181908739176162,3.332647370604504,5.2874254971290755,2.6376336744547664,1.684511263596057
4.692755239302216,4.766758514282633,1.6912856354828767,8.860246600932475,1.4510688019444316
4.222439192473578,3.7069265266606855,4.159678975679158,1.0885085607487401,5.271550802650636
4.586104684123486,3.2809309702951253,3.0725640180367524,0.6748895272292598,1.4888760958081624
3.7663702193105664,4.370387773533193,1.6566231176163062,4.549092142942867,2.1729509930463604
6.730061768192409,3.634857566046422,4.225047838048425,4.886056736745088,17.678960902993293
2.8089974520199603,3.226352387621544,1.761502368055558,1.3088335168194631,6.319311553208502
3.769347541313377,5.026707643803542,1.8535549467299608,0.6047260398057328,3.0567494915196294
4.610524304041541,5.0482515621768975,3.4346146463259224,1.6820783386212335,2.460434188751253
4.506903305047052,1.455491936095897,6.818359132042905,8.972252923448133,6.936775456709553
3.892741381582704,4.925594864730822,5.3305419518575565,1.4157141787911556,5.5938578662555996
4.687263128329199,1.2004839353538543,3.373838192208888,1.1791863611406606,0.9305894989478936
12.852799011026404,0.9929021222072693,5.090470842561128,5.59995681582709,1.458918117785802
4.706498088957857,6.878478860488688,2.951049781905658,2.4836455105738215,1.4246735809455289
3.5666524198127445,3.2181126580193893,2.759072336823014,4.808173219319428,9.39429276388077
3.4208938126223143,6.210969322953922,4.260536510523869,2.1601727599632645,0.7176420801024169
3.291725261281179,3.7575608766446313,3.2860897134933644,3.645402435092813,13.512293358213945
3.823053349939296,3.7179403264629083,4.920696172601208,1.7455134879990595,6.87784573173893
3.4600805869299895,3.6279176667867397,1.1776937960331197,1.9335358693540423,4.52265824370549
4.54706409244485,2.452243977326792,9.161955983162096,2.4330520795481045,1.6949712972835276
4.380109803257211,4.775088925506997,4.025372996796254,3.7174080728957786,10.06837112087613
3.0422657035943104,8.563077646590978,0.8816170543597784,4.830647828339508,8.158393551268219
4.306512414774047,3.2497380201312183,5.474509663093575,1.9520644179192215,4.2782106659909
4.5713367286535895,4.615415218039284,3.8180705035563443,1.0493298443378594,3.173735958279258
4.992388987009176,5.316138360044781,0.9435861489733672,6.839837577509369,8.834417514932573
3.4151101820574605,2.174762204446746,1.0080648784231323,3.483329536675339,1.596214347394118
3.2086986739969565,3.249967756974909,3.2319476162363237,0.7916341140646989,3.207332586473089
2.570722515467559,4.535393742642193,3.6075840960817103,2.275715544150704,2.815453463278301
3.137312555461111,5.663091914357369,3.2734853553759518,0.8781298432509828,8.012162815180966
2.9365126145161153,4.815796247558403,4.628187298881513,4.086321264436841,0.7674967665239751
4.352211354892675,2.2055392140100474,3.3444133279461687,4.546948948700116,14.78689466598155
4.220043134372814,3.2289175766740095,3.374302408131968,3.927894246189008,2.9248949100513273
4.232640286246551,5.208072810427816,4.366670580870757,1.1459998249273786,4.0706369564352824
3.576527559491537,3.141110487837914,4.314598868002561,3.7557848627443056,3.80798527035061
3.8867565336954923,0.9478165836092877,4.966627641408721,4.698597043915421,2.8473259671418663
3.610116713116601,1.8993565248311057,4.567027708124086,6.902854301099882,12.675106151299948
4.828434068492027,2.987801741192432,7.661147379918125,5.275275645740404,6.310580327620044
3.6823548268013346,4.159719325554754,0.8295461909607935,4.2283966223450475,4.398379579081816
3.7980544567755445,3.754396920353081,3.341811536952519,3.1147991710588028,10.068485286948164
3.0261897021373203,3.6079707371026037,4.5402572781400075,1.8126841366721798,2.369257302348454
5.731713933303301,4.491860396842916,4.159037280283969,1.8069730900040488,5.779555048877108
5.2518934540321185,3.9354681018986195,4.60375289286163,3.9565368269361403,5.541588423325788
3.5509908564262904,3.177811022070973,3.9952190959412546,8.72804810492756,3.7033158781764053
3.250241982657361,3.961008972371507,3.737341145000143,5.106500374142772,3.0698958079886784
3.5306168953045813,4.582484867054562,3.664708642724274,3.3299664999342924,3.5861407119712196
4.52755853119358,3.4543327020813477,2.479742737482794,3.718539728516077,2.2188562287879177
4.119623750048385,6.54883507397678,3.582423734491192,2.9798192544211264,2.4721727049209417
2.9672407394124445,2.973146605403405,7.850513080571902,1.1780465579675636,5.23416241923489
1.1456314680278583,0.855618272766146,8.044418936318543,3.31781990498803,1.0600673710895583
6.222190842751962,1.0535359933356396,2.5731828976589695,1.6541506942648885,8.28209994825761
4.503170189074954,4.237217127020577,4.898062824221101,4.043836834374252,5.760597190680972
3.903593596726432,4.669233160242926,4.815001636608879,3.1666181823155277,4.845075760107751
2.834377634973477,3.1745433875333413,2.845876556403684,0.6640072022951737,2.1855028838038524
3.432062624299412,2.9251318242728246,2.9338665991374278,4.71140532687244,1.0791221264031963
3.118512618350271,2.839490130676363,2.7685211143198294,4.841871142000946,6.181269171735139
3.059092687563312,3.387163476641118,1.354770195848101,3.3366320890888446,6.584668498994795
4.653941362948134,3.8513834092323904,5.708255194092262,3.4221985555967405,4.895859089214116
5.436872980904473,5.518159595241905,3.4258487633176946,4.4995042197215085,1.5125890214357107
3.501592379770604,4.142615303876149,3.6576919342163157,3.713595386657639,2.440267348213786
3.9306489833743656,3.7984622298046724,3.1546565074760022,0.8296833295575294,2.0021192901016405
3.1110000407604312,4.929084392827692,4.70660650660299,3.651618763210348,2.3794617490077568
4.776701429783313,9.966298199311245,3.291573056626319,3.494760709493639,0.7263900428874003
4.132604524131032,3.2669340137603333,3.0567505979765173,2.5185067969996338,0.791177568258619
3.211232645290494,4.20038672988607,6.062862710394616,3.93601995340603,1.0741250198071495
4.6562956951125,3.70417045861567,5.105822030331746,7.313121175375232,3.5287609318055853
3.3333240867187026,3.3228049727849953,2.995332720492923,0.6949826628644268,1.0102511937836691
5.594276450413373,4.731169537171772,3.9632275982928746,1.1932242845790384,1.076177015280842
3.84504078582873,3.627568886892201,4.299476681170541,5.443217390791219,3.060517607039625
2.485435961792872,5.4601043771796745,4.966419378494091,5.883248030559294,0.8694773430883033
3.113585759596649,0.7678374205247842,3.0432780926576557,5.669275881085031,0.6067879472324915
4.148981252430955,3.617014649550211,13.668682034300442,1.2285116204631252,1.9943305022214755
3.492095152647057,3.9684170148376174,1.013078097902838,6.568865480978862,2.4840663980215316
3.124446928584849,6.500849271227362,7.681658240067472,4.939574305437488,2.5013418330984396
3.5728399994174898,7.217222259448413,1.785374084636676,4.336279240997649,1.9319905264625183
2.889496125908673,5.364116696903676,2.862736603884906,2.656157004869883,1.1039991510571356
6.8255319693789644,0.9583475449078288,3.518402566176317,3.5661793737713987,1.101583602360608
6.821269002084235,6.187210859780278,2.6851092014770805,1.0888656219784223,2.3771619612441386
3.5063859894898464,5.525832645605328,1.6399522827985495,3.544300006767907,2.613457337172635
1.7447895402043154,4.198268747817973,4.038203049581864,2.989467781447102,4.837098354785547
4.23723444139081,4.045703194580976,1.6093153968057656,3.52990324499222,13.20438417252342
4.444783732129726,4.643089454712912,5.149717773938453,7.870795843286152,1.2737982806196462
2.4336488522170527,1.563935748811963,0.8490543907253881,3.035074198803466,10.9289521083851
3.216604080370024,2.8297693607489762,4.108704684984818,8.692004831263974,6.396498040753268
4.3877162951795405,5.247689236442754,3.081902105182377,1.4790646396415381,0.611397870567182
3.28068451644308,4.2704468464482614,3.203940758872551,1.4072259113045826,2.7926384438015477
3.419031435438645,3.3553791346798256,4.017728679994853,6.414359415392666,3.910942517772059
5.533458191597072,4.710637265586406,4.926822663682072,1.0700623868482946,4.022674346732014
3.797117061448775,5.92932650545565,5.222053024847045,1.081620956505179,1.011685791448001
3.7557368880874096,3.4965171180711763,3.4250873237216215,2.352200853327226,3.51260506318061
3.8541994106985706,4.374343369159136,5.952225404717331,0.7292035330825295,3.3887189549407024
4.040515705301816,3.179232928840954,3.7974348605778188,5.340552343172003,4.108940150464085
3.5289083030980106,3.3950593108770595,3.4907018184460035,3.510569572210413,4.78936485009825
2.9467983453886943,4.228184122159207,4.306790920738448,2.9414426889996186,11.467731649120076
3.392176020531712,3.741884832806913,3.90894188713736,2.9837300551126997,1.3587892785465723
5.36947204866092,3.990396995356203,2.9413586636223163,3.221211475633814,2.039867057570989
4.653093205411785,4.3946542364810375,3.477879225984137,5.20596689127476,0.8754588319375229
3.1096368998543773,10.915029775190831,3.6191851616706425,2.3053067664712708,2.595655830497746
3.5340315841682495,4.675320985466635,4.493986234301897,1.4641946537683672,2.0081853833840086
3.4358927087352664,4.065613373276611,3.1775775552119234,2.409497194937741,1.7613520705170378
5.271250546476085,3.5885728404486357,4.566046550802937,1.3000963216877606,6.902347731415064
5.202149246249068,4.189471187003611,3.321090250221357,1.6609266008437724,1.4047941205188432
1.99880080933677,2.4968936704687303,2.098421231502847,9.8411961465171,2.2507858432549925
4.235102939517341,4.206020847792615,4.52340745470125,3.962087449855784,0.5994663809787013
3.4466845804382484,3.286618954123615,3.4364609510965614,1.2227491763218565,2.31273364113824
4.489926270600773,3.3506611486786593,3.3315237013516845,0.6648116706349613,0.6515658462042332
4.192062563073548,2.6405375957587713,3.494525287161863,0.7199580518733607,3.251624443775869
2.9982171089693836,3.7082658275980758,5.216368181308517,1.4414022240934135,6.0808318013553
5.812270658570558,2.8368098203564043,3.386259913193862,2.250806368344551,0.8189150966458985
4.917605754869558,3.919662021770562,8.844808652420383,2.8563501635529454,3.706285329967057
3.0624272896834563,3.4948024990502087,3.6491341021733295,2.0030708223281755,4.225410781176045
6.005933108139575,3.7709509481436547,2.5767847637546852,0.7093183436856083,0.6933724763839997
4.756689414119853,3.3501235955723923,3.2569005424915374,1.5419569781032805,10.531487729713154
3.2597790411104066,3.410414505711402,3.457100622736104,4.554902681594256,3.6930762282165013
3.634943505479457,3.518100531814128,4.107389346984645,3.367486660884769,12.0709785268125
4.977824123203158,3.121474202440132,13.919774471711657,2.580574826449384,3.004717404337876
3.4439035484400224,4.618316612152795,4.086636876021651,3.1745604817309117,7.8611845079198535
3.9711039522925633,1.6951931217504153,7.778113181898393,3.023854748382388,2.4186479933529754
4.1743187043103385,5.486880349163048,1.8477120642827534,2.8270574610962558,4.714262881685802
3.752673302061733,2.5196293851495355,5.571747491216227,0.9817573214068955,0.6564165033078219
3.3759969264092526,3.3059039180970036,5.671824662304308,2.9891671988673325,2.12819022681249
3.5780544415502895,1.5790793844952649,3.0158081968443673,2.3249575321845755,3.1415501181168883
4.326475544259597,4.083590934862791,5.773553824143832,3.5307923731823636,3.376894607429809
6.592053694602172,5.882377955124454,0.7905886202299556,2.938202764671996,2.684432579909633
3.7262543442480824,3.8727264514580546,4.026816664886933,2.768035343606821,1.987662299755218
3.233538477493018,3.962198166272503,5.792173910607353,6.593979913908337,3.8858619837234007
3.497753660262657,3.053876583182766,4.284755432527656,2.4804598456234266,2.358140634302914
4.581991275278751,3.3289095760947878,5.531501870382865,6.331185021090069,2.275767601745786
3.9397323603440233,3.785636276230367,3.4121856354686293,1.6936442010299357,4.740843422980821
3.344995330957301,4.541258490244484,7.9455560165120795,3.0786238201242924,2.096956065348792
3.679174441441693,3.679549871862615,0.8348627540431389,3.118688977859428,5.159831848797614
3.382892729831021,4.217818644311879,4.036662766130924,2.4643262193565776,3.0775006991265013
3.9732257457899443,5.895575441165313,1.938230411002665,2.7729664931080387,1.6633240017064796
2.1021164226777835,9.355759990986224,4.022560482037139,3.2633267700867155,2.5537024674979216
5.352479183424789,4.497520095489209,3.8234743121432895,2.9618671298127235,2.493002084003551
2.581513801567952,3.377074490348721,3.7518099959290407,0.7947090270866876,1.9323353705558433
3.266869162813156,3.4723222795469573,3.5169568770641058,3.3532164405304825,1.829276816787446
2.7617188664586165,4.083450340118504,4.508992926614304,3.5365776529946724,2.726879930765944
3.529088097807451,1.0910728507778016,4.3128290518498895,3.825761609357853,2.3066532890165616
3.27961482899181,3.699844313230923,4.038808067625352,3.903663568310262,3.0128548975681237
4.715342780182991,6.614456710635326,1.1235296076218284,3.4492197357986876,12.82734706767121
4.998155677863613,2.868752954254115,4.057208325148953,1.0617624449453458,6.93712935581616
4.943052464303898,3.1556293674126255,2.8356614178313473,0.9417177219719994,1.0579861739962995
2.4421977462974533,1.332405005645562,7.23872888399378,7.5168426683388,2.32248290702591
5.154311681589793,3.30823183481148,3.300059719594759,0.9823735770726413,0.654676395720655
2.8151663720797,4.51112332304916,4.6178923943550405,7.315322766395708,2.2574569357848233
6.265034979428209,5.957926603036773,0.6293749840724868,3.1338655192773732,0.7264883142201689
6.060456469892112,3.028361557748453,8.032872770608384,2.345316978169448,4.867804653377852
3.426397451445728,5.3289580809467845,6.882490666328067,6.889775072593304,1.1683665088548805
6.964504800457831,2.9902513875344487,0.8202153221746945,1.4085977587451155,3.1794269585085346
2.6702274026362725,1.1810243857665106,5.2303233566791505,12.297676791810003,2.4429397458972257
3.6041653005997643,4.124901794664571,7.020578435320384,2.978108342549383,2.6916289506033104
5.186331802600954,7.017337868902453,4.049597541605973,2.6191507993660355,2.442677042890744
3.2803827763751996,3.473725352937365,1.836386753830793,3.9397292229595773,0.7706849370135226
3.5513296541880908,3.1536172045719657,4.560769602016238,2.6244546848193373,2.36620686721916
4.309362044106379,4.9128170141951895,3.0930351090829356,3.6062366177062293,5.324103447327937
4.376295223365683,3.904340075885719,2.89240743697898,4.26662832865973,1.6279749322196888
3.7731340485682536,4.369967697581935,2.015179036676887,3.216147988193675,1.0064931695153838
6.621322154286892,5.0196381419399625,5.3771656817419755,2.282704268413589,3.127419315458772
3.976351982470934,3.5267460398872417,5.604154917393001,1.6901497880118534,3.88380382018187
4.110650161892502,3.5412815110629343,6.637420822590566,2.065519817141796,2.0880682852229264
3.1462361407754575,3.7859370752373933,2.3114616660513607,1.058933735934203,6.407513340008641
2.601512687107541,4.11068080910123,2.3725000362222652,2.944239831746345,2.263989456945098
4.498227030366568,3.038887303291348,3.4385372920271804,0.7231666231875626,6.408828867035091
4.430680041395168,5.737200568749617,3.759583488364288,2.665628261563592,4.786231335098462
3.296819648305558,5.629895678113337,3.1727383160377833,3.3035148167946122,1.7599638296360862
4.503330902440779,2.9424254173132676,6.794866245046704,0.6934134982132275,1.1177357079950512
3.0603729726201094,3.606345640327539,6.547453932338989,3.3977485218448424,2.2453075833814964
5.457197987691702,3.13964940208562,4.213795964331509,29.437020052203504,2.059386872056402
3.0789384086640537,2.7246575770278745,0.8403732882695463,8.705248116786672,18.0711944569991
6.009210187820895,3.4937918609916983,2.4810384310806928,0.6636854061188584,1.566665014720331
2.8783062832830724,4.557293595279966,0.9487125433684263,7.850004545101898,5.151173210801594
3.149654070373565,3.390529509004358,2.0700119649845363,3.0003271109138434,2.165608461359027
4.550975274834043,3.694779353922423,3.38505637274262,5.3344710712148355,1.3964676121918567
5.969988783659724,3.7423526655860564,9.147850518643235,7.432839564563364,0.9866898994884251
3.7826747087962764,3.6485628283848404,3.675069250157701,4.687031905965507,3.510167455412622
3.1074755336227193,3.0391845671402904,2.0598842267207496,5.952527423705054,2.4714443210506443
4.642027437969545,4.377132937216038,4.038045703589517,2.2453535182161133,2.648046966558762
3.595244877897485,3.925875070665096,3.7796869185749724,3.46474484597593,4.277881556347028
3.1576893383136815,11.039635341365726,4.624907612279524,3.086721530142238,4.756441365804673
5.778291228660737,2.8812655800233964,2.5507363622067385,3.5616808316671134,5.818990636239928
2.9893399389539566,3.4153447760555444,2.848577697424604,2.186428634298629,2.2743140503663763
3.0973492261375135,3.622194989841536,0.8900841141173228,0.7093873752186235,2.9751701714803835
6.199064264612038,4.633517908176233,2.702788913345846,11.041603663011008,3.0922340764368395
4.617094908283366,3.6662965961874585,6.4298549218120815,3.8024189724261532,3.8558807501159786
3.210703903074466,5.124181675209225,5.990162791961193,1.5401941139561433,2.299623166144665
4.6568777945442585,2.7080702717832024,5.063530154164097,4.020921432797832,1.221423858570115
3.9551703248909114,2.57607625016137,2.7913381761333387,5.451565333136943,5.7498833358092165
4.45276347419643,3.01150271268961,3.744622516181392,1.5325875582844726,2.715905817715471
3.4420834356697174,1.6264734789671424,5.249066736947123,1.0217885938462108,5.525868329892212
3.0270401686635457,3.3187853976623507,4.932257129835109,5.7767205621255115,8.495905000413325
4.540030505332336,4.523988270733784,5.246431734529411,4.621717723612521,6.916732245632429
3.8282424172592773,4.078383603793019,6.339101704759174,1.9871049283018962,4.676369593461881
6.258232831864427,4.832208174615201,0.8175449420875609,4.848157534573228,4.647722331727409
3.469475780321262,4.595969568802007,2.056417770327953,8.344347009222044,5.797502439719359
3.118058144955657,5.310763292439183,3.160155455640525,5.847127379017708,2.1240107102998724
3.0988245587730767,4.7573770569626275,3.377801302044092,2.5301675096750604,3.9890138008787304
3.8616909303776383,5.700028620388929,5.544744959683911,2.9463318910047853,0.7071722524804922
6.389603710140609,4.5833523967391985,2.7313454224172,5.327439739491181,3.5825571884741314
2.7823439138096897,3.937249715527729,2.782786968418678,6.555747565872287,2.511885760024788
4.973151301553066,2.8678141672605535,6.897948420438275,6.280477786469558,1.3051886975178242
4.337537432671037,4.080578147818058,2.8385186610679294,1.9788143675060321,1.626741286583457
3.980545373297373,3.5088396848121426,3.40894382990756,3.4856742968171517,5.07423575485131
2.7471706898938026,3.273874965974249,2.1580900469467754,12.50231911300959,3.1001007031386894
3.0587536077096846,1.0496894931312846,2.8493816032248964,4.469612497865366,2.0358728391319074
3.578258697229364,3.1260822825252905,3.4005124678007554,1.482977868758319,1.345033738912366
6.315078915727625,2.9932198981225118,10.614711817396845,3.4098744341019147,0.8199665901583055
3.5884772893493313,4.113374980172243,7.232643642800922,2.039198296705679,1.0915173681718973
3.3016126612094676,3.810579851701674,3.2570057563741304,8.525659633239185,3.3058551234901374
5.385412518210979,3.185028612604421,4.4863461949719525,4.992297831222417,6.951158203567504
4.095313858984024,3.6257123239819347,4.462085626346854,2.270752370664594,4.001663614398477
4.208757668226761,5.073740629233183,2.6421096942177074,2.808669978896566,2.5011691224956407
4.296546500507452,2.9586050793803063,3.194376605206534,4.30956418343794,1.3975162426605658
3.267082635085025,6.581335453840553,1.3347574105935862,2.04020218364876,1.1192294337288726
3.352800696285345,5.577456677855403,2.384239625249883,2.3067872469345634,1.7343101350114378
3.534934974103196,4.416135597974999,4.827046976550125,3.801010312262122,2.184463058747775
2.651946833891118,4.294816944488209,3.870591779764575,5.214091204204299,26.9964945383019
4.715536763383252,3.449140062573709,4.086621237837537,0.8243440023988582,0.6859027691602676
3.1224078910228656,3.6273577689476753,0.6617985703479194,3.5858618743312305,2.408884133208231
3.259305969411047,3.828054507239084,3.963123870625977,1.9666174034535249,3.4452286455714227
7.558789399994826,3.001646984142583,2.4274847596749067,9.507480062516569,6.4161029816279616
4.5789911213879035,3.8197514552527623,3.3261579973402875,4.6874679103815975,7.875612836260719
4.572515756309272,4.185277316312029,6.010908073386122,2.2473129103500837,0.6811286903003507
5.318702120880147,4.162080332781914,1.6298991869862565,12.082098117066018,4.861842399197619
5.889271888226708,3.7090129145196444,4.319969313634698,2.20821963019463,3.6111012004394505
5.055746056118892,3.8287553334282185,3.8570630802253802,2.0524190432561213,1.269933277532383
3.5454796679079887,4.52929096766643,5.735936360727353,4.127290088601995,0.7353536538383957
3.372176910840511,4.555578988138938,5.237414063533498,3.6792988925211256,1.8387307685059493
3.6964026841168742,2.889768196688722,3.253730084749443,2.6261587836455904,1.8000572446850234
3.3752083517213904,0.696300351015156,3.2355471373449487,1.073250915514342,3.808598376166692
5.152562009193787,3.4274046010515016,9.498153830197785,1.4995659911080055,5.278902306437741
3.2689145290702437,7.61478190719566,1.2289340915663678,5.030902641284439,1.167167311091584
5.594888694951754,3.552718015642764,2.550138887541807,7.25555424490375,2.5852837903970456
4.108783718240035,3.1968599145521948,7.262894113805537,0.6425591910842242,6.824198341510277
3.6705813229666995,5.870693179803714,4.353137977761035,1.4692052701580856,4.478911243543368
4.172487884757381,4.258028126001042,4.716683227215426,3.0893988332565576,14.131470382169354
3.6388236297516072,5.10284354806739,4.080273411586676,2.256594084654962,1.4991293898243667
4.3379722203774165,2.994713653374213,1.0602806631165227,7.913419586913353,1.3875851857177826
3.096347690397468,5.236582738746084,5.672853791983122,9.584524197467713,5.1760181204307205
3.587591160797255,3.628839879744665,3.3063143415270417,3.1807955885580257,1.6849700233686098
4.808741455810069,4.245997858210248,3.0359801873129912,1.96454404272044,1.90299272541528
3.5160602671520738,3.823463952282722,5.379746334547622,3.4537299055128114,7.9657443560836905
3.5356917089096367,3.856977926808663,4.786638395111219,2.148395603781701,5.261575458813605
5.054254809396734,3.724423706540624,1.6336540973724143,2.1851105519246783,2.100491133307128
3.5020054859078114,7.506451019534739,5.715627542690533,4.370528015126565,2.6801614387004697
3.0347811396650313,5.4714262955032416,4.099439812158406,3.5451998567747123,4.261194536458926
3.96551667523055,5.3552119770531075,3.494346392327237,2.081746000771747,3.2550190737755194
4.513291145892049,3.0265689153388498,4.946570292016683,1.096600353886898,6.449395020691428
3.8764807784002135,3.625598674991576,4.274785441747683,2.5213330476322655,1.1831381770778469
3.7405980758390935,2.8727126783339956,1.2592702453056652,4.318621159790125,3.044900815323176
3.5941130129608445,5.68719309808966,12.64635193550025,2.041595899704017,6.931563415406872
5.478298220325864,2.443217384270114,1.4918708069098447,13.046731042324435,0.8710665044800104
7.028034145228095,2.616386715452435,0.7488881453975619,2.1350997528371884,2.1007609618975014
3.74791292047345,3.2979413878147907,3.438795780767335,0.7594698003530309,1.173666215335875
3.28093791915592,2.3948534202276313,4.834795933255528,5.053887654882602,2.484874675623492
3.2604314977824,3.526002831508046,6.827488606488307,3.1391666615434075,1.4774833037083304
3.9266466484652507,3.2843069934173843,3.3911538422069296,3.0495732268977798,2.1320721519244996
5.15228585630354,4.1721727306660705,3.7743746719377977,7.957720266807634,16.09242561324993
4.042106194886095,4.012068285770107,1.055258566754931,3.2163581452896453,6.458408446346707
4.003243690752776,5.508361376651579,4.162124173333243,2.8895499406621608,9.264948649798832
3.030577427224349,2.7797818927582223,4.346514202190784,3.2670797972339662,2.0445092184133573
2.0546218639668603,3.9923904792223794,2.659160313575285,2.1180904455073426,4.983386737026498
4.287821511169979,3.8322992609920283,4.23471981821719,1.7695918913427071,18.087058623631886
3.771756361725028,2.8432745407962927,0.6788688339386217,5.675438003681997,2.8491924698891005
3.8690805715183916,5.095416560915076,3.4204886596373756,8.034908241157034,2.3352757314703725
4.838427450565572,4.487516246802362,17.374624157644757,3.7239531308637623,1.7927345679979136
5.597574989245089,2.325710689712995,0.8777716323646859,2.001858147249294,1.6738890211185562
3.304412777969227,8.441073841618424,3.048956765019745,5.209786057358175,4.190334049424221
3.022434456821429,5.423975159563359,3.027062470738438,2.3780074287296693,6.087693308636838
4.285651380071073,1.0735732708233627,3.4040901558766623,1.2599545745493639,3.9645148979949654
3.3853975273494377,4.569934293091629,3.005116935773663,4.900676387366875,1.020011382173293
3.564506110403898,3.9204794646932393,3.593661649316052,4.258039451153305,1.3312720162130323
5.518252789274955,4.369994324085438,4.246520273522327,2.3507346049739053,17.856904468291454
4.7926732678529005,3.40702907779729,2.280105238684831,1.2306721430865548,9.023174397084983
7.065789410002394,2.652386599693381,4.379830087481461,1.0009087669839323,6.493967135293939
4.636839274767268,5.523298787398588,0.8838340561543973,4.633469530813483,2.309607964171261
5.041521717168364,2.7450987427094335,4.08313954949772,0.9964655945733905,5.132903836653776
4.255087966286521,3.565584259494711,4.007435011739357,5.166935675772745,2.45363143595714
2.831882229012954,3.041729905697802,2.5694364905862535,2.0919619171258077,1.08831980660742
4.152604512032504,2.8789449622730094,0.8695289864030714,1.9429127263497612,3.1324441819189768
3.279583104294663,4.2429896451078495,5.491997130534438,5.273667104463597,0.9698849797074754
3.208824065687613,3.1326128117861316,3.3669005385289736,5.204620190225975,2.0965878814067875
3.1026774090013527,4.053903982087121,4.912416388268758,3.3598943732744946,1.3088466346171945
2.939937104712639,3.550349732752713,7.101436700393309,9.120371682578622,0.9524557772093767
3.0573322265174783,2.128692442143912,4.844668353401747,3.1178302748042386,1.2357116984473646
3.6368096989965584,3.0443832691857122,4.46699656194729,4.924099919843069,3.458652625342558
4.731051570232743,3.1765516908854403,3.006988270648727,4.372733747982522,1.9902644737789272
3.475591218377145,4.682955385623297,3.0953374452475777,17.415134197293295,2.2066904257400375
4.540115292524673,3.668354768668272,1.6506672674166765,5.005641840257884,0.8630204563555036
3.236209895094472,4.345863469320431,1.3842024090885796,9.36657909748721,2.2364255564569877
3.288462525230164,4.524811367403784,6.750739310503998,4.014449357543716,8.970665836077771
4.518935720614194,2.832113398008661,3.124465890188568,3.2965729491908946,3.0662979062408
4.009706547217068,4.317139563246362,4.558730264672255,0.631428218131792,8.867774412456505
3.5784226728029087,4.697495319578566,1.984535410973492,5.077954083892869,2.8542643247186903
3.5354353173865922,5.2385954873376654,2.333583862098134,1.1740600864182948,4.08243674271939
3.902663123692862,2.1033019132689024,1.5402570784031204,5.895562424331378,3.8299826058878073
5.078300507025241,2.9572793623434452,3.662212078142855,7.395837756601193,5.077457699723431
3.7243929419588047,4.121273764604126,6.08802873982372,2.1108168151450797,1.0589063274914907
5.637660272282283,2.718041862363901,5.418464270620277,4.408073543270788,1.970060500173314
3.2309273153522056,2.9233429564596842,3.0329758083920635,3.389005278309223,3.9316558723258526
3.8522204295888125,3.207480615634202,4.369567198861553,2.1146764814329546,2.2767984655321585
5.325328077984528,4.1165310378370235,2.3565179601044877,3.5532522219855247,4.907577169568843
5.285044114821719,5.712104134125048,1.005133749340491,0.7488309414940442,1.3884677022840222
3.1838947228700447,3.231566914883626,4.003012541578513,12.1985352181857,2.3946156522357995
3.767446244098374,3.8287717077816716,1.8190356725440329,2.7244801302156696,4.859474991969897
3.1144521323828496,3.926294598125043,3.459374274995958,5.513236775889452,1.2836487860845336
4.323589545791048,5.264037336794788,4.880164556641387,9.307831225380806,0.6987497076461407
4.238465834663812,3.1987612752405608,0.9531887145007881,4.963038386302995,0.840782752931043
4.446064642519691,4.380317259214984,3.344986222074033,14.471535166283667,2.235182908052433
6.892351198724149,4.566712064804383,5.097122430596123,10.433489016580015,1.119185505464525
1.0029969161856975,5.089962963783684,1.6109545984190623,4.79749257811807,0.9824947838255562
2.902168315906359,0.9976192038357962,0.731499635554158,5.265120092787713,2.8248445355163403
3.9566078709113253,2.7531264962084783,3.27412312788145,4.740992673668406,3.2482416332848025
3.074129874524217,2.2803293110949636,1.5900568706571376,2.1592393475913165,2.9108874390017037
6.045504555511193,2.8924979703660108,4.461146638722787,5.112400261547494,0.6319494752408734
6.329101706842152,4.223590907241968,3.716487309208466,4.143906298488002,7.684210782202657
4.605632866191171,3.175266961917982,6.3662903486909395,6.341511574196043,2.0261277237531456
4.5235889968944845,5.26156570005781,3.5560210232064993,3.7526923110228947,1.2539308052602258
8.254252690956369,4.077465078837051,5.013122584052259,3.2071750707305444,3.7450234919089493
6.0036801006742,4.8503845623616515,5.647958684244821,5.250874701528307,0.8713656940461313
4.249807900468031,3.6942624010836895,2.2358941579937075,6.893818433876867,8.674008324278239
4.534831945458921,2.0889898763573065,6.345938706415365,2.550244057499492,6.443291099017399
3.1010078270872157,4.862780349768076,4.506280855419953,1.1267654757203964,3.4957394531523733
4.658625366918628,4.323825894576322,4.623045881107512,0.6386375688605678,2.6830591483138098
2.974215306618866,4.5171938777738445,5.258328282420456,3.708363729722362,0.7175392756539802
3.3179173738072243,0.7423967451206456,3.390546592105799,0.8291174813269557,1.0500049973696213
3.522063944313019,3.5541627478751385,3.1678490587881094,4.1190811980664455,3.2069922342220147
4.771441389724624,3.3837497212290666,3.109003821105795,3.7688219194665993,6.307533697160647
2.1174464844686907,7.3466122034360435,2.404534957693433,4.870770428559763,4.28142730804822
2.1683986086926703,4.635443466707277,4.1249576168917255,5.514752870246947,17.412680826963427
4.965946238535512,4.398331968312386,3.3044708704609347,0.6357483942438716,0.9762456477366741
2.3729646486095706,3.6307088293666734,5.37016377116513,4.8237251696363215,4.535371197982727
3.7726116362457884,3.6105947507196277,7.864505008981758,5.539771110104526,7.639721981010535
4.763741256422539,1.9089831762276745,3.627482495870282,5.584276063143858,1.0916346612073937
4.113516541761982,1.869092319933099,5.931780025787253,3.6516813450013865,7.139729694890576
4.496287360958811,7.798316832270722,3.3122609034981423,3.370971950185545,7.176847458812005
3.090659762377514,3.236760275930503,3.3535827337332837,1.7553108573726104,0.5782513409349938
3.705886856848805,2.691270623514337,3.2977122819708984,4.567997208019639,3.9618942855044232
4.297791514045696,3.911120143069547,1.452148502684565,2.670130887402019,1.4873912832692602
3.057325334545737,3.07978153668446,1.6880005368535913,7.184102424542172,2.843365415835661
5.065081327164889,1.3516861383166292,10.889011155705061,4.847574489590734,0.8462643598083677
6.911551035461389,3.215204203713092,3.6842281958971532,3.081960509938513,1.0103344328931412
3.9981604065001926,4.008705996907027,0.9166322041611686,4.172190852437242,2.6338506117118974
1.0452347487568499,4.826911055751119,4.801134795779658,3.6936933522748827,0.8544770877017567
8.860275514758527,5.56987041890451,5.2306137049473636,4.41741066308707,3.5364631758889282
1.2101597350537387,4.80624710991321,2.911070628893615,3.5008811331196807,0.6948250807735334
3.522025760716514,5.418449712838958,6.712043603958965,2.7061400869767454,4.130849331489833
3.67134818462236,3.661734099594311,3.6054676881709695,13.0724753730214,1.1560239107846975
2.713029848920253,3.1070356416622396,3.9855495964817855,4.205342695410315,3.5880602326746627
1.635635474748615,3.649158908320868,0.9430283329303151,3.034298154786453,1.7500088593646121
5.131599699240297,2.010796994673027,4.918389328709673,4.891831130829183,2.9254336155630605
3.261468011416145,5.000104056677201,2.0284167470517627,3.1109894027270615,4.343416314681014
7.149931768874805,5.435932842403131,8.017855493249561,3.925883119464115,1.9914326684141157
4.1047362458665,3.0422533015054323,0.872655652387907,3.527456381870579,2.738713988198236
4.295046291289311,3.2625812200670326,1.3902225702242104,4.055882499664437,2.191584755303865
4.767421698656793,3.4899459663078014,4.302762553499649,4.562229419034357,3.481645618005983
3.812831182799896,2.7322489484683237,7.591557938174183,4.0186829870053105,2.8617652477760704
4.112356106469156,4.490561879333791,2.479407829028458,8.842313234504857,5.254660971814287
4.861778034175601,3.959266760422831,3.46853882153551,3.627345440761493,10.775634740584755
2.6239743281077095,5.329574870854169,2.4473080262628986,4.909391372612425,6.0893521163369595
3.258160683649192,3.631065527643115,3.3092119530958906,0.9030212534666685,0.7591074773246794
6.297553984555138,4.841817112457679,0.9321190562384931,5.02111057834087,5.488421128097549
3.0183120992738806,4.404489158236157,4.827732831633499,2.357543290820107,0.8290432961437069
5.4471490650750445,4.150344888716374,5.313528720167947,0.9155215803985133,3.914764069607957
3.3219219174882912,3.584568813307393,4.005846569744374,8.379159855388478,4.955937447720517
4.43327950669701,2.100625626243509,3.1268658553008537,2.849840151752333,1.1372096215537617
3.1080444644355945,3.469178641275361,3.7652361098270513,6.279234400451708,0.7440329399765994
5.423843048286648,3.060295457244272,3.8494443546960455,2.435047469412963,2.1564777983627694
4.605321344238679,4.360626360156434,5.696639183497347,1.2859028603020446,6.6314175808713
4.603004781444283,3.523435091092799,4.493898401669694,3.2339719170326466,2.489241778525175
2.9777431355809014,6.2685810133150754,2.2246841990748636,4.536973460112301,4.770009562158024
4.552199224107502,6.839766270167423,4.7319553716376,5.476181622954724,1.311306887282132
6.639447174589867,7.471264563259538,6.209223669470552,4.097412147668785,3.9692468961094085
4.265722342247958,3.488652713300533,3.755344564681836,5.434197276171552,1.5876532810298958
3.0294590988992742,2.2511872663054824,2.222026736166796,5.323922861106035,1.5748208607190133
2.229373148932354,0.8098887320937116,3.9756206573897446,4.619377757924348,3.2752264366501924
5.286850364229488,5.907425600365136,3.6659829812293694,6.093791929891803,1.2466357104823609
3.3276296564526366,3.840293695233151,2.7059532009962117,0.7683802725035102,1.0886460872660237
3.8699666192977693,3.0797250366174524,6.496554031706794,3.284530707454415,3.214031335410762
4.261355344555453,2.3029183348477926,4.412112212935629,2.1430867630784705,1.1836380465619367
5.134035148653293,0.943234012284023,3.3045164466223365,1.0400828177022443,2.3799299144152455
3.708785716055988,4.297935402778742,2.57651504246203,3.2809211345220675,2.296648038824916
4.482353312628355,1.8369104072670401,4.260794518475723,7.01366211412911,1.8452017609964066
3.241948870124468,3.762766440944686,0.7544590991492943,3.8001754413313287,2.8184196274574536
4.724824826419081,4.736087161409076,4.555351287552027,10.220416826888048,3.711521133485102
3.361311362313104,5.959381353852183,3.4253439840360262,1.0203933928732059,1.3483756503682933
3.900226156978223,3.6506365148214863,2.9028242547810446,6.678012758540206,0.9785936851409638
2.98852998410454,6.873405555460223,2.176904649890494,0.9693628630933432,2.1450347317958305
3.5568005510150287,1.108784939783427,3.1729931077517213,3.9508518607758942,3.765646580382811
3.9614300652084014,3.571642162518545,3.582419271391084,0.7211150710700518,2.1403174726285816
3.2243574954670295,1.5344573842904794,7.306356481778376,4.7993740219328505,4.651985738589258
2.822565343769369,2.831956678248174,3.1654201989361606,2.090077542797867,2.807418896782951
4.148390964211202,3.2823995554436713,2.9890130953227603,4.310082525019481,0.9871492107136458
3.314951190596819,4.009597183992774,3.57549161940529,2.564321101585107,3.2841309644208394
6.58967547079983,2.7969839548338684,1.6693345794548655,1.6627210307083702,2.3006923726831796
3.616062709999042,5.413949119073507,3.093989622415461,1.7784260857067073,2.0964340523597462
3.0333623200583157,4.509232214791862,3.7953866482746204,3.0584987263616057,1.1042659576150653
1.5887975301185602,4.283764883173972,3.56391847185934,3.1012699176445078,2.3560163161058685
3.637875178453957,3.5076030931717095,2.404440897879183,2.3042585524335704,0.981100509757415
2.606490408060743,3.673884971747015,5.009069576413134,3.5392280855015996,3.6288514667827703
3.7681445871738903,3.644559114021073,1.748954093408994,9.94799563044378,1.5286034031483808
3.908574282985454,3.136867477244018,6.291948374527414,1.8348483407906357,1.517956933538889
3.1684636787897724,3.6295618084045698,1.0900561907855741,4.297752558606438,4.040200239620737
4.685484935736314,3.4524833857234896,0.8795762963974253,4.798484349973812,5.331243021020886
5.025198603413471,6.486107602828456,0.6291446874475917,11.33132807542908,2.5784000598742596
4.595907751537622,2.8684955568632393,3.1858722626478286,2.554447894164923,6.6930331329509265
4.9675729095495464,2.8240332941272337,1.682396051282341,0.8896818162209508,6.293776750285221
3.9957703497278603,4.355178217545813,4.712375952452321,3.3357120214976543,1.7338244244871321
2.930053330773979,3.938213287422632,4.346067585689075,2.212706527075181,2.07878532030561
5.5305241804630425,3.3909551686042656,5.028046449199349,3.764165957186268,1.0622548890187415
4.668434071830874,0.7863459078671793,3.2480915828666626,1.0683062957590546,1.8224238645100839
3.9971455608413127,8.399256300494505,2.2376461627154334,2.6021395339309574,1.966512748308067
2.784040387718937,2.9135593202005445,2.2108799723424735,3.3115878168494794,1.2439153371678395
2.754472641968629,7.7675241627063,3.0573798291848022,0.7345615996591641,1.614995013163116
3.730775033951519,5.273052402957059,1.623770914635625,2.537902244043231,6.130286359281117
4.296384708996408,4.531214228825309,3.313962683069729,0.882313704241946,3.3091470371507192
2.8411832930798653,5.362968005790164,3.5855599737985977,3.57614459661642,9.95304178717029
3.7222653741139866,5.01043139421983,0.7609621609965014,5.879090714089315,4.926391125213551
4.498721151296314,3.5696710753812098,2.855053354011049,2.742842695109613,2.5346540067614876
3.1566781807365976,4.297453175238533,4.5581687058419655,3.6312219761207203,6.526609545815355
4.133039759706517,4.696326204211561,1.686045751443937,0.6437691563643048,1.4678148026799462
4.229416205960222,3.6794427003405,7.614824854089139,3.819468744142201,0.9627308407475206
5.799603447857659,4.568697127355706,5.060477533140798,2.2254541761753384,1.6886146768680683
3.3342161840759132,5.1616463775528265,3.3895416725113776,1.1227087428367024,1.879427566151596
5.655370448498566,3.8722903010481806,3.4694162042570427,6.644994881515748,2.3670889448432244
3.3666204567973805,4.530096387660951,1.1359988626205761,2.126623832135036,1.4801697914148129
4.258748320094846,3.376469864008307,2.4664376776050463,2.479045608485445,2.0701037653498457
3.2476515850174823,3.2541703437419023,6.317435080814816,5.587802980159688,2.0035627249637677
4.669244312621284,2.849799950726293,3.1701859757966857,3.8184748453551287,5.624609364698811
4.524708024473569,4.04338695977831,3.6241505655740194,3.154498407584044,22.229305168692395
7.790096266272041,3.436386928909421,4.544200311568109,2.675006226690369,2.4614076750117824
6.500259434301559,5.483152175126464,4.170329186511889,3.7468212504783955,4.135343319215421
3.1498861289539204,2.831254552552914,5.3565882462131915,2.0378513700218326,0.968601644854864
4.160729212159603,4.844112397452924,2.7453967116469236,4.7263021374218805,3.915413805426773
3.546155189159515,3.518174113735216,3.4504954956270035,1.4629978430255417,2.495041582432932
3.635420454260125,9.300118139740293,2.4512030202391895,2.505431482342164,3.539680860320212
